{
  "noise_type": "gaussian",
  "noise_param": 50,
  "train_loss": [
    3227.404337565104,
    2108.8467610677085,
    2053.099812825521,
    2122.225789388021,
    2483.0760904947915,
    2152.8885904947915,
    1817.599141438802,
    1910.0132649739583,
    1947.7503051757812,
    1871.3844807942708,
    1677.4146728515625,
    1884.5204060872395,
    1719.7061564127605,
    1814.5972086588542,
    1610.40576171875,
    1558.3618977864583,
    1668.3853556315105,
    1579.4409993489583,
    1825.473164876302,
    1891.1582438151042,
    1534.8810221354167,
    1550.3467610677083,
    1556.767801920573,
    1513.300069173177,
    1540.2249959309895,
    1472.5877075195312,
    1449.561991373698,
    1559.2433675130208,
    1877.5790201822917,
    1456.4476521809895,
    1598.248270670573,
    1659.0750122070312,
    1495.678934733073,
    1476.9640096028645,
    1508.1322021484375,
    1523.8823649088542,
    1416.148661295573,
    1443.8005981445312,
    1565.0983276367188,
    1526.4822591145833,
    1511.8313395182292,
    1444.8412475585938,
    1494.1230875651042,
    1495.5887858072917,
    1535.0558064778645,
    1442.3326009114583,
    1504.1222737630208,
    1499.5413818359375,
    1503.3869222005208,
    1486.9026489257812,
    1515.105733235677,
    1441.984354654948,
    1426.6190795898438,
    1488.4034423828125,
    1463.2298583984375,
    1482.2877197265625,
    1407.2253824869792,
    1691.069580078125,
    1466.849853515625,
    1464.1131184895833
  ],
  "valid_loss": [
    2252.20849609375,
    2233.3291015625,
    2152.3046875,
    2400.627685546875,
    1966.78466796875,
    1970.291015625,
    2133.62744140625,
    1830.39453125,
    1764.3037109375,
    1731.6591796875,
    1636.528076171875,
    1613.8798828125,
    1723.8544921875,
    1570.1595458984375,
    1656.90576171875,
    1581.5087890625,
    1565.03759765625,
    1495.986083984375,
    1442.729736328125,
    1653.379638671875,
    1484.5823974609375,
    1600.357421875,
    1584.2015380859375,
    1551.55224609375,
    1538.46826171875,
    1508.659912109375,
    1468.151123046875,
    1515.5789794921875,
    1567.089599609375,
    1475.1224365234375,
    1510.360595703125,
    1501.3094482421875,
    1528.5277099609375,
    1563.64208984375,
    1492.9974365234375,
    1596.885986328125,
    1485.405029296875,
    1480.5224609375,
    1587.7191162109375,
    1528.9774169921875,
    1605.544677734375,
    1552.42626953125,
    1584.2440185546875,
    1467.084716796875,
    1416.78759765625,
    1591.7191162109375,
    1455.592529296875,
    1487.888671875,
    1529.885986328125,
    1456.9129638671875,
    1646.606689453125,
    1608.903564453125,
    1474.40625,
    1592.87890625,
    1418.589111328125,
    1443.0830078125,
    1470.18359375,
    1413.073974609375,
    1450.5325927734375,
    1459.40771484375
  ],
  "valid_psnr": [
    14.64228598276774,
    14.680486361185709,
    14.80895201365153,
    14.419844309488932,
    15.199122428894043,
    15.198995272318522,
    14.894400914510092,
    15.510682423909506,
    15.671856562296549,
    15.746785163879395,
    15.99474016825358,
    16.0532169342041,
    15.778815905253092,
    16.173810640970867,
    15.946349461873373,
    16.146186510721844,
    16.19126796722412,
    16.38276481628418,
    16.544048309326172,
    15.96675713857015,
    16.4169864654541,
    16.090869903564453,
    16.133856455485027,
    16.223643620808918,
    16.265658378601074,
    16.35342534383138,
    16.463214874267578,
    16.32657241821289,
    16.213066418965656,
    16.44667371114095,
    16.341174443562824,
    16.373825073242188,
    16.28954823811849,
    16.200045585632324,
    16.39757537841797,
    16.12009270985921,
    16.413981755574543,
    16.42750612894694,
    16.14231014251709,
    16.294487635294598,
    16.090525945027668,
    16.22449016571045,
    16.16576894124349,
    16.46851094563802,
    16.619985580444336,
    16.13142458597819,
    16.501996994018555,
    16.41094462076823,
    16.290299733479817,
    16.50153096516927,
    15.999142328898111,
    16.06980800628662,
    16.44916025797526,
    16.12499936421712,
    16.61458396911621,
    16.53932762145996,
    16.45868174235026,
    16.635952631632488,
    16.52066421508789,
    16.492327372233074
  ]
}