{
  "noise_type": "gaussian",
  "noise_param": 0,
  "train_loss": [
    0.006320201248551409,
    0.004656609380617738,
    0.00343516554373006,
    0.0032209422594557204,
    0.002537901901329557,
    0.002340849256142974,
    0.0019662541647752128,
    0.001713141391519457,
    0.0018591365466515224,
    0.0018955716708054144,
    0.0018377644203913708,
    0.0016186723951250315,
    0.0016601636113288503,
    0.001562133450837185,
    0.0014459468657150865,
    0.0014026510179974139,
    0.001370054786093533,
    0.0014041899897468586,
    0.0014399234593535464,
    0.001370443186412255,
    0.0013288025317403178,
    0.0012585513371353347,
    0.0011372410614664357,
    0.001166636337681363,
    0.001199220345976452,
    0.0011897934212659795,
    0.0011709075576315324,
    0.0010578254781042535,
    0.0009677820780780166,
    0.0008480395675481608,
    0.000698691806367909,
    0.0007426763962333401,
    0.0007359705535539737,
    0.0007258666640458008,
    0.0007333319905834893,
    0.0005642981656516591,
    0.0006077873598163327,
    0.0005104108907592794,
    0.0004953265306539834,
    0.00042111043876502663,
    0.0003765821650934716,
    0.00033450883832604933,
    0.0003147998795611784,
    0.00029444114382689196,
    0.00029696361646832276,
    0.0003112496730561058,
    0.0003057472301103796,
    0.0002665493035844217,
    0.0002059883166414996,
    0.00013464777051315954,
    0.00010081395885208622,
    9.476137832583238e-05,
    9.526276941566418e-05,
    9.476939400580402e-05,
    9.792932905838825e-05,
    8.646250716992654e-05,
    9.48683943230814e-05,
    8.320142903054754e-05,
    0.00011513538750781056,
    7.562707348067003e-05
  ],
  "valid_loss": [
    0.004211675375699997,
    0.0037053346168249846,
    0.0026493004988878965,
    0.0021618956234306097,
    0.001728629576973617,
    0.0016248415922746062,
    0.0015331320464611053,
    0.0015514580300077796,
    0.0013968879356980324,
    0.0014799635391682386,
    0.0013285912573337555,
    0.0014009246369823813,
    0.0011753687867894769,
    0.0010622681584209204,
    0.0009973589330911636,
    0.0010644581634551287,
    0.0010114579927176237,
    0.0010352644603699446,
    0.0010348756331950426,
    0.0009727535070851445,
    0.0010167749132961035,
    0.0009887637570500374,
    0.0008718047756701708,
    0.0008713192073628306,
    0.000872039410751313,
    0.00084665697067976,
    0.0009754364145919681,
    0.0007350994274020195,
    0.0006811932544223964,
    0.0007029431872069836,
    0.0006225284305401146,
    0.0005849702283740044,
    0.0007473119767382741,
    0.0005152770318090916,
    0.0005580468568950891,
    0.0005294677685014904,
    0.0004520852235145867,
    0.0003987708769273013,
    0.0003591613785829395,
    0.0002973894588649273,
    0.00025546146207489073,
    0.0002315300516784191,
    0.00029205577448010445,
    0.0002268560929223895,
    0.00038543911068700254,
    0.00024565172498114407,
    0.00020909335580654442,
    0.00016543611127417535,
    0.00014592817751690745,
    0.0001444773079128936,
    0.00010530114377615973,
    8.360819629160687e-05,
    0.00015615203301422298,
    0.0001291856460738927,
    0.00015518872532993555,
    0.00010981742525473237,
    6.115071300882846e-05,
    0.00013599792146123946,
    9.746600699145347e-05,
    5.6727374612819403e-05
  ],
  "valid_psnr": [
    72.13396708170573,
    72.61167653401692,
    74.09265899658203,
    74.96405792236328,
    75.98151143391927,
    76.19868977864583,
    76.43004862467448,
    76.33212534586589,
    76.86014302571614,
    76.62711588541667,
    77.1261469523112,
    76.85828908284505,
    77.60838317871094,
    78.09171295166016,
    78.40632629394531,
    78.04813385009766,
    78.31349690755208,
    78.20644887288411,
    78.21691385904948,
    78.4492416381836,
    78.19105529785156,
    78.29303487141927,
    78.93754069010417,
    78.93113708496094,
    78.94231923421223,
    79.0793940226237,
    78.43929036458333,
    79.68197377522786,
    79.97779083251953,
    79.73991139729817,
    80.35092163085938,
    80.61985778808594,
    79.51418558756511,
    81.27963002522786,
    80.78493245442708,
    80.97688547770183,
    81.71284739176433,
    82.31241607666016,
    82.73662821451823,
    83.63314565022786,
    84.23783365885417,
    84.68642934163411,
    83.59727478027344,
    84.77390034993489,
    82.84657541910808,
    84.33821868896484,
    85.16802724202473,
    86.2416254679362,
    86.52479044596355,
    87.10726928710938,
    88.22781626383464,
    89.03846995035808,
    86.45349629720052,
    87.92614237467448,
    87.26693471272786,
    88.4551518758138,
    90.36978912353516,
    87.84439595540364,
    88.6998519897461,
    90.74577331542969
  ]
}